MH new hit,MH new inclusions,MH reason for exclusion,Result from GScholar,Link,PMID,Title,Authors,Citation,First Author,Journal/Book,Publication Year,Create Date,PMCID,NIHMS ID,DOI
,,,Yes,,29286945,An Interpretable Machine Learning Model for Accurate Prediction of Sepsis in the ICU,"Nemati S, Holder A, Razmi F, Stanley MD, Clifford GD, Buchman TG.",Crit Care Med. 2018 Apr;46(4):547-553. doi: 10.1097/CCM.0000000000002936.,Nemati S,Crit Care Med,2018,2017/12/30,PMC5851825,NIHMS925069,10.1097/CCM.0000000000002936
,,,No,,31389839,"A Machine Learning Algorithm to Predict Severe Sepsis and Septic Shock: Development, Implementation, and Impact on Clinical Practice","Giannini HM, Ginestra JC, Chivers C, Draugelis M, Hanish A, Schweickert WD, Fuchs BD, Meadows L, Lynch M, Donnelly PJ, Pavan K, Fishman NO, Hanson CW 3rd, Umscheid CA.",Crit Care Med. 2019 Nov;47(11):1485-1492. doi: 10.1097/CCM.0000000000003891.,Giannini HM,Crit Care Med,2019,2019/08/08,,,10.1097/CCM.0000000000003891
Yes,No,Review,#N/A,,29490932,Emerging Technologies for Molecular Diagnosis of Sepsis,"Sinha M, Jupe J, Mack H, Coleman TP, Lawrence SM, Fraley SI.",Clin Microbiol Rev. 2018 Feb 28;31(2):e00089-17. doi: 10.1128/CMR.00089-17. Print 2018 Apr.,Sinha M,Clin Microbiol Rev,2018,2018/03/02,PMC5967692,,10.1128/CMR.00089-17
,,,No,,30712598,Prediction of sepsis patients using machine learning approach: A meta-analysis,"Islam MM, Nasrin T, Walther BA, Wu CC, Yang HC, Li YC.",Comput Methods Programs Biomed. 2019 Mar;170:1-9. doi: 10.1016/j.cmpb.2018.12.027. Epub 2018 Dec 26.,Islam MM,Comput Methods Programs Biomed,2019,2019/02/05,,,10.1016/j.cmpb.2018.12.027
,,,No,,31681711,Pediatric Severe Sepsis Prediction Using Machine Learning,"Le S, Hoffman J, Barton C, Fitzgerald JC, Allen A, Pellegrini E, Calvert J, Das R.",Front Pediatr. 2019 Oct 11;7:413. doi: 10.3389/fped.2019.00413. eCollection 2019.,Le S,Front Pediatr,2019,2019/11/05,PMC6798083,,10.3389/fped.2019.00413
,,,Yes,,29374661,"Multicentre validation of a sepsis prediction algorithm using only vital sign data in the emergency department, general ward and ICU","Mao Q, Jay M, Hoffman JL, Calvert J, Barton C, Shimabukuro D, Shieh L, Chettipally U, Fletcher G, Kerem Y, Zhou Y, Das R.",BMJ Open. 2018 Jan 26;8(1):e017833. doi: 10.1136/bmjopen-2017-017833.,Mao Q,BMJ Open,2018,2018/01/29,PMC5829820,,10.1136/bmjopen-2017-017833
,,,No,,31965266,Machine learning for the prediction of sepsis: a systematic review and meta-analysis of diagnostic test accuracy,"Fleuren LM, Klausch TLT, Zwager CL, Schoonmade LJ, Guo T, Roggeveen LF, Swart EL, Girbes ARJ, Thoral P, Ercole A, Hoogendoorn M, Elbers PWG.",Intensive Care Med. 2020 Mar;46(3):383-400. doi: 10.1007/s00134-019-05872-y. Epub 2020 Jan 21.,Fleuren LM,Intensive Care Med,2020,2020/01/23,PMC7067741,,10.1007/s00134-019-05872-y
Yes,No,No onset prediction,#N/A,,28864056,Classification of patients with sepsis according to blood genomic endotype: a prospective cohort study,"Scicluna BP, van Vught LA, Zwinderman AH, Wiewel MA, Davenport EE, Burnham KL, Nürnberg P, Schultz MJ, Horn J, Cremer OL, Bonten MJ, Hinds CJ, Wong HR, Knight JC, van der Poll T; MARS consortium.",Lancet Respir Med. 2017 Oct;5(10):816-826. doi: 10.1016/S2213-2600(17)30294-1. Epub 2017 Aug 29.,Scicluna BP,Lancet Respir Med,2017,2017/09/03,,,10.1016/S2213-2600(17)30294-1
Yes,No,Not ICU,#N/A,,26679719,"Prediction of In-hospital Mortality in Emergency Department Patients With Sepsis: A Local Big Data-Driven, Machine Learning Approach","Taylor RA, Pare JR, Venkatesh AK, Mowafi H, Melnick ER, Fleischman W, Hall MK.",Acad Emerg Med. 2016 Mar;23(3):269-78. doi: 10.1111/acem.12876. Epub 2016 Feb 13.,Taylor RA,Acad Emerg Med,2016,2015/12/19,PMC5884101,NIHMS951244,10.1111/acem.12876
,,,Yes,,27694098,Prediction of Sepsis in the Intensive Care Unit With Minimal Electronic Health Record Data: A Machine Learning Approach,"Desautels T, Calvert J, Hoffman J, Jay M, Kerem Y, Shieh L, Shimabukuro D, Chettipally U, Feldman MD, Barton C, Wales DJ, Das R.",JMIR Med Inform. 2016 Sep 30;4(3):e28. doi: 10.2196/medinform.5909.,Desautels T,JMIR Med Inform,2016,2016/10/04,PMC5065680,,10.2196/medinform.5909
,,,No,,30732136,Heart rate variability based machine learning models for risk prediction of suspected sepsis patients in the emergency department,"Chiew CJ, Liu N, Tagami T, Wong TH, Koh ZX, Ong MEH.",Medicine (Baltimore). 2019 Feb;98(6):e14197. doi: 10.1097/MD.0000000000014197.,Chiew CJ,Medicine (Baltimore),2019,2019/02/09,PMC6380871,,10.1097/MD.0000000000014197
Yes,No,Review,#N/A,,31499571,"Clinical Decision-Support Systems for Detection of Systemic Inflammatory Response Syndrome, Sepsis, and Septic Shock in Critically Ill Patients: A Systematic Review","Wulff A, Montag S, Marschollek M, Jack T.",Methods Inf Med. 2019 Dec;58(S 02):e43-e57. doi: 10.1055/s-0039-1695717. Epub 2019 Sep 9.,Wulff A,Methods Inf Med,2019,2019/09/10,,,10.1055/s-0039-1695717
,,,No,,30052552,Applying Artificial Intelligence to Identify Physiomarkers Predicting Severe Sepsis in the PICU,"Kamaleswaran R, Akbilgic O, Hallman MA, West AN, Davis RL, Shah SH.",Pediatr Crit Care Med. 2018 Oct;19(10):e495-e503. doi: 10.1097/PCC.0000000000001666.,Kamaleswaran R,Pediatr Crit Care Med,2018,2018/07/28,,,10.1097/PCC.0000000000001666
Yes,No,Out of scope: Perioperative setting,#N/A,,29489489,MySurgeryRisk: Development and Validation of a Machine-learning Risk Algorithm for Major Complications and Death After Surgery,"Bihorac A, Ozrazgat-Baslanti T, Ebadi A, Motaei A, Madkour M, Pardalos PM, Lipori G, Hogan WR, Efron PA, Moore F, Moldawer LL, Wang DZ, Hobson CE, Rashidi P, Li X, Momcilovic P.",Ann Surg. 2019 Apr;269(4):652-662. doi: 10.1097/SLA.0000000000002706.,Bihorac A,Ann Surg,2019,2018/03/01,PMC6110979,NIHMS972686,10.1097/SLA.0000000000002706
Yes,No,Symposium,#N/A,,27885969,"36th International Symposium on Intensive Care and Emergency Medicine : Brussels, Belgium. 15-18 March 2016","Bateman RM, Sharpe MD, Jagger JE, Ellis CG, Solé-Violán J, López-Rodríguez M, Herrera-Ramos E, Ruíz-Hernández J, Borderías L, Horcajada J, González-Quevedo N, Rajas O, Briones M, Rodríguez de Castro F, Rodríguez Gallego C, Esen F, Orhun G, Ergin Ozcan P, Senturk E, Ugur Yilmaz C, Orhan N, Arican N, Kaya M, Kucukerden M, Giris M, Akcan U, Bilgic Gazioglu S, Tuzun E, Riff R, Naamani O, Douvdevani A, Takegawa R, Yoshida H, Hirose T, Yamamoto N, Hagiya H, Ojima M, Akeda Y, Tasaki O, Tomono K, Shimazu T, Ono S, Kubo T, Suda S, Ueno T, Ikeda T, Hirose T, Ogura H, Takahashi H, Ojima M, Kang J, Nakamura Y, Kojima T, Shimazu T, Ikeda T, Suda S, Izutani Y, Ueno T, Ono S, Taniguchi T, O M, Dinter C, Lotz J, Eilers B, Wissmann C, Lott R, Meili MM, Schuetz PS, Hawa H, Sharshir M, Aburageila M, Salahuddin N, Chantziara V, Georgiou S, Tsimogianni A, Alexandropoulos P, Vassi A, Lagiou F, Valta M, Micha G, Chinou E, Michaloudis G, Kodaira A, Ikeda T, Ono S, Ueno T, Suda S, Izutani Y, Imaizumi H, De la Torre-Prados MV, Garcia-De la Torre A, Enguix-Armada A, Puerto-Morlan A, Perez-Valero V, Garcia-Alcantara A, Bolton N, Dudziak J, Bonney S, Tridente A, Nee P, et al.",Crit Care. 2016 Apr 20;20(Suppl 2):94. doi: 10.1186/s13054-016-1208-6.,Bateman RM,Crit Care,2016,2016/11/26,PMC5493079,,10.1186/s13054-016-1208-6
,,,No,,30427913,Optimal intensive care outcome prediction over time using machine learning,"Meiring C, Dixit A, Harris S, MacCallum NS, Brealey DA, Watkinson PJ, Jones A, Ashworth S, Beale R, Brett SJ, Singer M, Ercole A.",PLoS One. 2018 Nov 14;13(11):e0206862. doi: 10.1371/journal.pone.0206862. eCollection 2018.,Meiring C,PLoS One,2018,2018/11/15,PMC6241126,,10.1371/journal.pone.0206862
,,,Yes,,28916175,Early sepsis detection in critical care patients using multiscale blood pressure and heart rate dynamics,"Shashikumar SP, Stanley MD, Sadiq I, Li Q, Holder A, Clifford GD, Nemati S.",J Electrocardiol. 2017 Nov-Dec;50(6):739-743. doi: 10.1016/j.jelectrocard.2017.08.013. Epub 2017 Aug 16.,Shashikumar SP,J Electrocardiol,2017,2017/09/17,PMC5696025,NIHMS900022,10.1016/j.jelectrocard.2017.08.013
Yes,No,Not sepsis,#N/A,,29961290,Comparison of machine learning method and logistic regression model in prediction of acute kidney injury in severely burned patients,"Tang CQ, Li JQ, Xu DY, Liu XB, Hou WJ, Lyu KY, Xiao SC, Xia ZF.",Zhonghua Shao Shang Za Zhi. 2018 Jun 20;34(6):343-348. doi: 10.3760/cma.j.issn.1009-2587.2018.06.006.,Tang CQ,Zhonghua Shao Shang Za Zhi,2018,2018/07/02,,,10.3760/cma.j.issn.1009-2587.2018.06.006
,,,No,,31733673,Biomarkers of Infection and Sepsis,"Opal SM, Wittebole X.",Crit Care Clin. 2020 Jan;36(1):11-22. doi: 10.1016/j.ccc.2019.08.002. Epub 2019 Oct 21.,Opal SM,Crit Care Clin,2020,2019/11/18,,,10.1016/j.ccc.2019.08.002
Yes,No,Not ICU,#N/A,,31135500,Clinician Perception of a Machine Learning-Based Early Warning System Designed to Predict Severe Sepsis and Septic Shock,"Ginestra JC, Giannini HM, Schweickert WD, Meadows L, Lynch MJ, Pavan K, Chivers CJ, Draugelis M, Donnelly PJ, Fuchs BD, Umscheid CA.",Crit Care Med. 2019 Nov;47(11):1477-1484. doi: 10.1097/CCM.0000000000003803.,Ginestra JC,Crit Care Med,2019,2019/05/29,PMC6791738,NIHMS1527406,10.1097/CCM.0000000000003803
Yes,No,Not sepsis,#N/A,,27121964,Pretreatment gut microbiome predicts chemotherapy-related bloodstream infection,"Montassier E, Al-Ghalith GA, Ward T, Corvec S, Gastinne T, Potel G, Moreau P, de la Cochetiere MF, Batard E, Knights D.",Genome Med. 2016 Apr 28;8(1):49. doi: 10.1186/s13073-016-0301-4.,Montassier E,Genome Med,2016,2016/04/29,PMC4848771,,10.1186/s13073-016-0301-4
,,,No,,30441243,Early Prediction of Sepsis in EMR Records Using Traditional ML Techniques and Deep Learning LSTM Networks,"Saqib M, Sha Y, Wang MD.",Conf Proc IEEE Eng Med Biol Soc. 2018 Jul;2018:4038-4041. doi: 10.1109/EMBC.2018.8513254.,Saqib M,Conf Proc IEEE Eng Med Biol Soc,2018,2018/11/17,,,10.1109/EMBC.2018.8513254
,,,Yes,,31035074,Evaluation of a machine learning algorithm for up to 48-hour advance prediction of sepsis using six vital signs,"Barton C, Chettipally U, Zhou Y, Jiang Z, Lynn-Palevsky A, Le S, Calvert J, Das R.",Comput Biol Med. 2019 Jun;109:79-84. doi: 10.1016/j.compbiomed.2019.04.027. Epub 2019 Apr 24.,Barton C,Comput Biol Med,2019,2019/04/30,PMC6556419,NIHMS1528011,10.1016/j.compbiomed.2019.04.027
,,,Yes,,30759094,An attention based deep learning model of clinical events in the intensive care unit,"Kaji DA, Zech JR, Kim JS, Cho SK, Dangayach NS, Costa AB, Oermann EK.",PLoS One. 2019 Feb 13;14(2):e0211057. doi: 10.1371/journal.pone.0211057. eCollection 2019.,Kaji DA,PLoS One,2019,2019/02/14,PMC6373907,,10.1371/journal.pone.0211057
Yes,No,Out of scope: not Sepsis onset prediction,#N/A,,31425495,Random forest modeling can predict infectious complications following trauma laparotomy,"Gelbard RB, Hensman H, Schobel S, Khatri V, Tracy BM, Dente CJ, Buchman T, Kirk A, Elster E.",J Trauma Acute Care Surg. 2019 Nov;87(5):1125-1132. doi: 10.1097/TA.0000000000002486.,Gelbard RB,J Trauma Acute Care Surg,2019,2019/08/20,,,10.1097/TA.0000000000002486
Yes,No,"Not sepsis, CLABSI ",#N/A,,29486341,Predicting central line-associated bloodstream infections and mortality using supervised machine learning,"Parreco JP, Hidalgo AE, Badilla AD, Ilyas O, Rattan R.",J Crit Care. 2018 Jun;45:156-162. doi: 10.1016/j.jcrc.2018.02.010. Epub 2018 Feb 21.,Parreco JP,J Crit Care,2018,2018/02/28,,,10.1016/j.jcrc.2018.02.010
,,,No,,31641162,LiSep LSTM: A Machine Learning Algorithm for Early Detection of Septic Shock,"Fagerström J, Bång M, Wilhelms D, Chew MS.",Sci Rep. 2019 Oct 22;9(1):15132. doi: 10.1038/s41598-019-51219-4.,Fagerström J,Sci Rep,2019,2019/10/24,PMC6805937,,10.1038/s41598-019-51219-4
Yes,No,Not sepsis onset,#N/A,,31416562,An intelligent warning model for early prediction of cardiac arrest in sepsis patients,"Layeghian Javan S, Sepehri MM, Layeghian Javan M, Khatibi T.",Comput Methods Programs Biomed. 2019 Sep;178:47-58. doi: 10.1016/j.cmpb.2019.06.010. Epub 2019 Jun 11.,Layeghian Javan S,Comput Methods Programs Biomed,2019,2019/08/17,,,10.1016/j.cmpb.2019.06.010
Yes,No,"Not sepsis onset, mortality prediction",#N/A,,31703390,Mortality Prediction of Septic Patients in the Emergency Department Based on Machine Learning,"Perng JW, Kao IH, Kung CT, Hung SC, Lai YH, Su CM.",J Clin Med. 2019 Nov 7;8(11):1906. doi: 10.3390/jcm8111906.,Perng JW,J Clin Med,2019,2019/11/10,PMC6912277,,10.3390/jcm8111906
,,,No,,31824670,Evidence-based Clinical Decision Support Systems for the prediction and detection of three disease states in critical care: A systematic literature review,"Medic G, Kosaner Kließ M, Atallah L, Weichert J, Panda S, Postma M, El-Kerdi A.",F1000Res. 2019 Oct 8;8:1728. doi: 10.12688/f1000research.20498.2. eCollection 2019.,Medic G,F1000Res,2019,2019/12/14,PMC6894361,,10.12688/f1000research.20498.2
,,,No,,31319943,A machine learning approach for predicting urine output after fluid administration,"Lin PC, Huang HC, Komorowski M, Lin WK, Chang CM, Chen KT, Li YC, Lin MC.",Comput Methods Programs Biomed. 2019 Aug;177:155-159. doi: 10.1016/j.cmpb.2019.05.009. Epub 2019 May 13.,Lin PC,Comput Methods Programs Biomed,2019,2019/07/20,,,10.1016/j.cmpb.2019.05.009
,,,No,,31634699,Clinical applications of artificial intelligence in sepsis: A narrative review,"Schinkel M, Paranjape K, Nannan Panday RS, Skyttberg N, Nanayakkara PWB.",Comput Biol Med. 2019 Dec;115:103488. doi: 10.1016/j.compbiomed.2019.103488. Epub 2019 Oct 7.,Schinkel M,Comput Biol Med,2019,2019/10/22,,,10.1016/j.compbiomed.2019.103488
Yes,No,Out of scope: mortality and emergency surgery prediction,#N/A,,30124479,"Surgical Risk Is Not Linear: Derivation and Validation of a Novel, User-friendly, and Machine-learning-based Predictive OpTimal Trees in Emergency Surgery Risk (POTTER) Calculator","Bertsimas D, Dunn J, Velmahos GC, Kaafarani HMA.",Ann Surg. 2018 Oct;268(4):574-583. doi: 10.1097/SLA.0000000000002956.,Bertsimas D,Ann Surg,2018,2018/08/21,,,10.1097/SLA.0000000000002956
,,,Yes,,31885832,Machine Learning Models for Analysis of Vital Signs Dynamics: A Case for Sepsis Onset Prediction,"Bloch E, Rotem T, Cohen J, Singer P, Aperstein Y.",J Healthc Eng. 2019 Nov 3;2019:5930379. doi: 10.1155/2019/5930379. eCollection 2019.,Bloch E,J Healthc Eng,2019,2019/12/31,PMC6925691,,10.1155/2019/5930379
,,,Yes,,29450295,"Reducing patient mortality, length of stay and readmissions through machine learning-based sepsis prediction in the emergency department, intensive care unit and hospital floor units","McCoy A, Das R.",BMJ Open Qual. 2017 Oct 25;6(2):e000158. doi: 10.1136/bmjoq-2017-000158. eCollection 2017.,McCoy A,BMJ Open Qual,2017,2018/02/17,PMC5699136,,10.1136/bmjoq-2017-000158
,,,Yes,,31480008,Predicting sepsis with a recurrent neural network using the MIMIC III database,"Scherpf M, Gräßer F, Malberg H, Zaunseder S.",Comput Biol Med. 2019 Oct;113:103395. doi: 10.1016/j.compbiomed.2019.103395. Epub 2019 Aug 20.,Scherpf M,Comput Biol Med,2019,2019/09/04,,,10.1016/j.compbiomed.2019.103395
,,,No,,29435343,Effect of a machine learning-based severe sepsis prediction algorithm on patient survival and hospital length of stay: a randomised clinical trial,"Shimabukuro DW, Barton CW, Feldman MD, Mataraso SJ, Das R.",BMJ Open Respir Res. 2017 Nov 9;4(1):e000234. doi: 10.1136/bmjresp-2017-000234. eCollection 2017.,Shimabukuro DW,BMJ Open Respir Res,2017,2018/02/14,PMC5687546,,10.1136/bmjresp-2017-000234
Yes,No,"Not ICU, NICU",#N/A,,31521253,Optimizing neural networks for medical data sets: A case study on neonatal apnea prediction,"Shirwaikar RD, Acharya U D, Makkithaya K, M S, Srivastava S, Lewis U LES.",Artif Intell Med. 2019 Jul;98:59-76. doi: 10.1016/j.artmed.2019.07.008. Epub 2019 Jul 25.,Shirwaikar RD,Artif Intell Med,2019,2019/09/16,,,10.1016/j.artmed.2019.07.008
Yes,No,Not Sepsis onset prediction,#N/A,,30086151,Network analysis of inflammatory responses to sepsis by neutrophils and peripheral blood mononuclear cells,"Godini R, Fallahi H, Ebrahimie E.",PLoS One. 2018 Aug 7;13(8):e0201674. doi: 10.1371/journal.pone.0201674. eCollection 2018.,Godini R,PLoS One,2018,2018/08/08,PMC6080784,,10.1371/journal.pone.0201674
,,,No,,24043317,Medical decision support using machine learning for early detection of late-onset neonatal sepsis,"Mani S, Ozdas A, Aliferis C, Varol HA, Chen Q, Carnevale R, Chen Y, Romano-Keeler J, Nian H, Weitkamp JH.",J Am Med Inform Assoc. 2014 Mar-Apr;21(2):326-36. doi: 10.1136/amiajnl-2013-001854. Epub 2013 Sep 16.,Mani S,J Am Med Inform Assoc,2014,2013/09/18,PMC3932458,,10.1136/amiajnl-2013-001854
Yes,No,Not Sepsis onset prediction,#N/A,,31008972,Cluster analysis to define distinct clinical phenotypes among septic patients with bloodstream infections,"Guilamet MCV, Bernauer M, Micek ST, Kollef MH.",Medicine (Baltimore). 2019 Apr;98(16):e15276. doi: 10.1097/MD.0000000000015276.,Guilamet MCV,Medicine (Baltimore),2019,2019/04/23,PMC6494365,,10.1097/MD.0000000000015276
,,,No,,31539636,Machine learning for clinical decision support in infectious diseases: a narrative review of current applications,"Peiffer-Smadja N, Rawson TM, Ahmad R, Buchard A, Georgiou P, Lescure FX, Birgand G, Holmes AH.",Clin Microbiol Infect. 2020 May;26(5):584-595. doi: 10.1016/j.cmi.2019.09.009. Epub 2019 Sep 17.,Peiffer-Smadja N,Clin Microbiol Infect,2020,2019/09/21,,,10.1016/j.cmi.2019.09.009
Yes,No,"Not ICU, ED",#N/A,,32210033,Development and Validation of a Quick Sepsis-Related Organ Failure Assessment-Based Machine-Learning Model for Mortality Prediction in Patients with Suspected Infection in the Emergency Department,"Kwon YS, Baek MS.",J Clin Med. 2020 Mar 23;9(3):875. doi: 10.3390/jcm9030875.,Kwon YS,J Clin Med,2020,2020/03/27,PMC7141518,,10.3390/jcm9030875
Yes,No,Not sepsis,#N/A,,28785103,Clonal differences in Staphylococcus aureus bacteraemia-associated mortality,"Recker M, Laabei M, Toleman MS, Reuter S, Saunderson RB, Blane B, Török ME, Ouadi K, Stevens E, Yokoyama M, Steventon J, Thompson L, Milne G, Bayliss S, Bacon L, Peacock SJ, Massey RC.",Nat Microbiol. 2017 Oct;2(10):1381-1388. doi: 10.1038/s41564-017-0001-x. Epub 2017 Aug 7.,Recker M,Nat Microbiol,2017,2017/08/09,,,10.1038/s41564-017-0001-x
,,,No,,31608730,Molecular and biomarker-based diagnostics in early sepsis: current challenges and future perspectives,"Schenz J, Weigand MA, Uhle F.",Expert Rev Mol Diagn. 2019 Dec;19(12):1069-1078. doi: 10.1080/14737159.2020.1680285. Epub 2019 Oct 15.,Schenz J,Expert Rev Mol Diagn,2019,2019/10/15,,,10.1080/14737159.2020.1680285
Yes,No,Not ICU,#N/A,,30628159,Predicting common maternal postpartum complications: leveraging health administrative data and machine learning,"Betts KS, Kisely S, Alati R.",BJOG. 2019 May;126(6):702-709. doi: 10.1111/1471-0528.15607. Epub 2019 Feb 20.,Betts KS,BJOG,2019,2019/01/11,,,10.1111/1471-0528.15607
Yes,No,Not sepsis onset prediction,#N/A,,31783353,"Using machine learning to predict 30-day readmissions after posterior lumbar fusion: an NSQIP study involving 23,264 patients","Hopkins BS, Yamaguchi JT, Garcia R, Kesavabhotla K, Weiss H, Hsu WK, Smith ZA, Dahdaleh NS.",J Neurosurg Spine. 2019 Nov 29:1-8. doi: 10.3171/2019.9.SPINE19860. Online ahead of print.,Hopkins BS,J Neurosurg Spine,2019,2019/11/30,,,10.3171/2019.9.SPINE19860
,,,Yes,,28843829,Learning representations for the early detection of sepsis with deep neural networks,"Kam HJ, Kim HY.",Comput Biol Med. 2017 Oct 1;89:248-255. doi: 10.1016/j.compbiomed.2017.08.015. Epub 2017 Aug 19.,Kam HJ,Comput Biol Med,2017,2017/08/28,,,10.1016/j.compbiomed.2017.08.015
,,,No,,29770247,Using Statistical and Machine Learning Methods to Evaluate the Prognostic Accuracy of SIRS and qSOFA,"Gupta A, Liu T, Shepherd S, Paiva W.",Healthc Inform Res. 2018 Apr;24(2):139-147. doi: 10.4258/hir.2018.24.2.139. Epub 2018 Apr 30.,Gupta A,Healthc Inform Res,2018,2018/05/18,PMC5944188,,10.4258/hir.2018.24.2.139
Yes,No,Not sepsis onset prediction,#N/A,,31287020,Multimorbidity states associated with higher mortality rates in organ dysfunction and sepsis: a data-driven analysis in critical care,"Zador Z, Landry A, Cusimano MD, Geifman N.",Crit Care. 2019 Jul 8;23(1):247. doi: 10.1186/s13054-019-2486-6.,Zador Z,Crit Care,2019,2019/07/10,PMC6613271,,10.1186/s13054-019-2486-6
,,,No,,30417258,Applying machine learning to continuously monitored physiological data,"Rush B, Celi LA, Stone DJ.",J Clin Monit Comput. 2019 Oct;33(5):887-893. doi: 10.1007/s10877-018-0219-z. Epub 2018 Nov 11.,Rush B,J Clin Monit Comput,2019,2018/11/13,PMC6511324,NIHMS1512227,10.1007/s10877-018-0219-z
Yes,No,"Not ICU, ER",#N/A,,28104273,"Physiologically-based, predictive analytics using the heart-rate-to-Systolic-Ratio significantly improves the timeliness and accuracy of sepsis prediction compared to SIRS","Danner OK, Hendren S, Santiago E, Nye B, Abraham P.",Am J Surg. 2017 Apr;213(4):617-621. doi: 10.1016/j.amjsurg.2017.01.006. Epub 2017 Jan 7.,Danner OK,Am J Surg,2017,2017/01/21,,,10.1016/j.amjsurg.2017.01.006
,,Not sepsis onset prediction,#N/A,,31852491,Right Dose Right Now: bedside data-driven personalized antibiotic dosing in severe sepsis and septic shock - rationale and design of a multicenter randomized controlled superiority trial,"Roggeveen LF, Fleuren LM, Guo T, Thoral P, de Grooth HJ, Swart EL, Klausch TLT, van der Voort PHJ, Girbes ARJ, Bosman RJ, Elbers PWG.",Trials. 2019 Dec 18;20(1):745. doi: 10.1186/s13063-019-3911-5.,Roggeveen LF,Trials,2019,2019/12/20,PMC6921499,,10.1186/s13063-019-3911-5
,,"Not ICU, NICU",#N/A,,32735230,A Predictive Model Based on Machine Learning for the Early Detection of Late-Onset Neonatal Sepsis: Development and Observational Study,"Song W, Jung SY, Baek H, Choi CW, Jung YH, Yoo S.",JMIR Med Inform. 2020 Jul 31;8(7):e15965. doi: 10.2196/15965.,Song W,JMIR Med Inform,2020,2020/08/01,,,10.2196/15965
,,,No,,32734166,Machine learning for early detection of sepsis: an internal and temporal validation study,"Bedoya AD, Futoma J, Clement ME, Corey K, Brajer N, Lin A, Simons MG, Gao M, Nichols M, Balu S, Heller K, Sendak M, O'Brien C.",JAMIA Open. 2020 Apr 11;3(2):252-260. doi: 10.1093/jamiaopen/ooaa006. eCollection 2020 Jul.,Bedoya AD,JAMIA Open,2020,2020/08/01,PMC7382639,,10.1093/jamiaopen/ooaa006
,,,No,,32166288,Retrospective Observational Study of the Clinical Performance Characteristics of a Machine Learning Approach to Early Sepsis Identification,"Topiwala R, Patel K, Twigg J, Rhule J, Meisenberg B.",Crit Care Explor. 2019 Sep 13;1(9):e0046. doi: 10.1097/CCE.0000000000000046. eCollection 2019 Sep.,Topiwala R,Crit Care Explor,2019,2020/03/14,PMC7063939,,10.1097/CCE.0000000000000046
,,,Yes,,31607345,Leveraging implicit expert knowledge for non-circular machine learning in sepsis prediction,"Schamoni S, Lindner HA, Schneider-Lindner V, Thiel M, Riezler S.",Artif Intell Med. 2019 Sep;100:101725. doi: 10.1016/j.artmed.2019.101725. Epub 2019 Sep 24.,Schamoni S,Artif Intell Med,2019,2019/10/15,,,10.1016/j.artmed.2019.101725
Yes,No,Not human,#N/A,,31432183,Identification of key miRNA‑mRNA pairs in septic mice by bioinformatics analysis,"Chen J, Lin M, Zhang S.",Mol Med Rep. 2019 Oct;20(4):3858-3866. doi: 10.3892/mmr.2019.10594. Epub 2019 Aug 20.,Chen J,Mol Med Rep,2019,2019/08/22,PMC6755251,,10.3892/mmr.2019.10594
Yes,No,Not sepsis onset prediction,#N/A,,31870283,Rapid classification of group B Streptococcus serotypes based on matrix-assisted laser desorption ionization-time of flight mass spectrometry and machine learning techniques,"Wang HY, Li WC, Huang KY, Chung CR, Horng JT, Hsu JF, Lu JJ, Lee TY.",BMC Bioinformatics. 2019 Dec 24;20(Suppl 19):703. doi: 10.1186/s12859-019-3282-7.,Wang HY,BMC Bioinformatics,2019,2019/12/25,PMC6929280,,10.1186/s12859-019-3282-7
,,,Yes,,30676988,Improving Prediction Performance Using Hierarchical Analysis of Real-Time Data: A Sepsis Case Study,"van Wyk F, Khojandi A, Kamaleswaran R.",IEEE J Biomed Health Inform. 2019 May;23(3):978-986. doi: 10.1109/JBHI.2019.2894570. Epub 2019 Jan 23.,van Wyk F,IEEE J Biomed Health Inform,2019,2019/01/25,,,10.1109/JBHI.2019.2894570
,,Not sepsis onset detection,#N/A,,31838482,Bioinformatics Analysis of Gene Expression Profiles for Risk Prediction in Patients with Septic Shock,"Hu Y, Cheng L, Zhong W, Chen M, Zhang Q.",Med Sci Monit. 2019 Dec 15;25:9563-9571. doi: 10.12659/MSM.918491.,Hu Y,Med Sci Monit,2019,2019/12/16,PMC6929537,,10.12659/MSM.918491
,,Not sepsis onset detection,#N/A,,30756093,Using machine learning to guide targeted and locally-tailored empiric antibiotic prescribing in a children's hospital in Cambodia,"Oonsivilai M, Mo Y, Luangasanatip N, Lubell Y, Miliya T, Tan P, Loeuk L, Turner P, Cooper BS.",Wellcome Open Res. 2018 Oct 10;3:131. doi: 10.12688/wellcomeopenres.14847.1. eCollection 2018.,Oonsivilai M,Wellcome Open Res,2018,2019/02/14,PMC6352926,,10.12688/wellcomeopenres.14847.1
,,"Not sepsis onset prediction, mortality prediction",#N/A,,31805020,A Machine Learning-Based Triage Tool for Children With Acute Infection in a Low Resource Setting,"Kwizera A, Kissoon N, Musa N, Urayeneza O, Mujyarugamba P, Patterson AJ, Harmon L, Farmer JC, Dünser MW, Meier J; “Sepsis in Resource-Limited Nations” Task Force of the Surviving Sepsis Campaign.",Pediatr Crit Care Med. 2019 Dec;20(12):e524-e530. doi: 10.1097/PCC.0000000000002121.,Kwizera A,Pediatr Crit Care Med,2019,2019/12/06,,,10.1097/PCC.0000000000002121
,,,Yes,,30623784,A minimal set of physiomarkers in continuous high frequency data streams predict adult sepsis onset earlier,"van Wyk F, Khojandi A, Mohammed A, Begoli E, Davis RL, Kamaleswaran R.",Int J Med Inform. 2019 Feb;122:55-62. doi: 10.1016/j.ijmedinf.2018.12.002. Epub 2018 Dec 10.,van Wyk F,Int J Med Inform,2019,2019/01/10,,,10.1016/j.ijmedinf.2018.12.002
,,,No,,28883645,Combining Biomarkers with EMR Data to Identify Patients in Different Phases of Sepsis,"Taneja I, Reddy B, Damhorst G, Dave Zhao S, Hassan U, Price Z, Jensen T, Ghonge T, Patel M, Wachspress S, Winter J, Rappleye M, Smith G, Healey R, Ajmal M, Khan M, Patel J, Rawal H, Sarwar R, Soni S, Anwaruddin S, Davis B, Kumar J, White K, Bashir R, Zhu R.",Sci Rep. 2017 Sep 7;7(1):10800. doi: 10.1038/s41598-017-09766-1.,Taneja I,Sci Rep,2017,2017/09/09,PMC5589821,,10.1038/s41598-017-09766-1
,,,No,,31366110,Antibiotic-Resistant Septicemia in Pediatric Oncology Patients Associated with Post-Therapeutic Neutropenic Fever,"Vázquez-López R, Rivero Rojas O, Ibarra Moreno A, Urrutia Favila JE, Peña Barreto A, Ortega Ortuño GL, Abello Vaamonde JA, Aguilar Velazco IA, Félix Castro JM, Solano-Gálvez SG, Barrientos Fortes T, González-Barrios JA.",Antibiotics (Basel). 2019 Jul 30;8(3):106. doi: 10.3390/antibiotics8030106.,Vázquez-López R,Antibiotics (Basel),2019,2019/08/02,PMC6783913,,10.3390/antibiotics8030106
Yes,No,Out of scope: Not about sepsis onset prediction,#N/A,,27232332,Application of Machine Learning Techniques to High-Dimensional Clinical Data to Forecast Postoperative Complications,"Thottakkara P, Ozrazgat-Baslanti T, Hupf BB, Rashidi P, Pardalos P, Momcilovic P, Bihorac A.",PLoS One. 2016 May 27;11(5):e0155705. doi: 10.1371/journal.pone.0155705. eCollection 2016.,Thottakkara P,PLoS One,2016,2016/05/28,PMC4883761,,10.1371/journal.pone.0155705
,,Not sepsis onset prediction,#N/A,,31295255,Identifying determinants of persistent MRSA bacteremia using mathematical modeling,"Mikkaichi T, Yeaman MR, Hoffmann A; MRSA Systems Immunobiology Group.",PLoS Comput Biol. 2019 Jul 11;15(7):e1007087. doi: 10.1371/journal.pcbi.1007087. eCollection 2019 Jul.,Mikkaichi T,PLoS Comput Biol,2019,2019/07/12,PMC6622483,,10.1371/journal.pcbi.1007087
,,,No,,31700248,A Data-Driven Approach to Predicting Septic Shock in the Intensive Care Unit,"Yee CR, Narain NR, Akmaev VR, Vemulapalli V.",Biomed Inform Insights. 2019 Nov 4;11:1178222619885147. doi: 10.1177/1178222619885147. eCollection 2019.,Yee CR,Biomed Inform Insights,2019,2019/11/09,PMC6829643,,10.1177/1178222619885147
,,,No,,23959843,From vital signs to clinical outcomes for patients with sepsis: a machine learning basis for a clinical decision support system,"Gultepe E, Green JP, Nguyen H, Adams J, Albertson T, Tagkopoulos I.",J Am Med Inform Assoc. 2014 Mar-Apr;21(2):315-25. doi: 10.1136/amiajnl-2013-001815. Epub 2013 Aug 19.,Gultepe E,J Am Med Inform Assoc,2014,2013/08/21,PMC3932455,,10.1136/amiajnl-2013-001815
,,"Not sepsis, CLABSI ",#N/A,,29661634,Assessing patient risk of central line-associated bacteremia via machine learning,"Beeler C, Dbeibo L, Kelley K, Thatcher L, Webb D, Bah A, Monahan P, Fowler NR, Nicol S, Judy-Malcolm A, Azar J.",Am J Infect Control. 2018 Sep;46(9):986-991. doi: 10.1016/j.ajic.2018.02.021. Epub 2018 Apr 13.,Beeler C,Am J Infect Control,2018,2018/04/18,,,10.1016/j.ajic.2018.02.021
,,,No,,30992534,Data-driven discovery of a novel sepsis pre-shock state predicts impending septic shock in the ICU,"Liu R, Greenstein JL, Granite SJ, Fackler JC, Bembea MM, Sarma SV, Winslow RL.",Sci Rep. 2019 Apr 16;9(1):6145. doi: 10.1038/s41598-019-42637-5.,Liu R,Sci Rep,2019,2019/04/18,PMC6467982,,10.1038/s41598-019-42637-5
,,"Not ICU, not onset detection",#N/A,,32166234,Comparison of Automated Sepsis Identification Methods and Electronic Health Record-based Sepsis Phenotyping: Improving Case Identification Accuracy by Accounting for Confounding Comorbid Conditions,"Henry KE, Hager DN, Osborn TM, Wu AW, Saria S.",Crit Care Explor. 2019 Oct 30;1(10):e0053. doi: 10.1097/CCE.0000000000000053. eCollection 2019 Oct.,Henry KE,Crit Care Explor,2019,2020/03/14,PMC7063888,,10.1097/CCE.0000000000000053
,,Letter,#N/A,,29778397,Letter to the editor: Predicting central line-associated bloodstream infections and mortality using supervised machine learning,Ferdoash A.,J Crit Care. 2018 Aug;46:162. doi: 10.1016/j.jcrc.2018.05.005. Epub 2018 May 16.,Ferdoash A,J Crit Care,2018,2018/05/21,,,10.1016/j.jcrc.2018.05.005
,,Not sepsis onset detection,#N/A,,30111827,Machine learning for fast identification of bacteraemia in SIRS patients treated on standard care wards: a cohort study,"Ratzinger F, Haslacher H, Perkmann T, Pinzan M, Anner P, Makristathis A, Burgmann H, Heinze G, Dorffner G.",Sci Rep. 2018 Aug 15;8(1):12233. doi: 10.1038/s41598-018-30236-9.,Ratzinger F,Sci Rep,2018,2018/08/17,PMC6093921,,10.1038/s41598-018-30236-9
,,Not sepsis onset detection,#N/A,,29890954,Screening swabs surpass traditional risk factors as predictors of MRSA bacteremia,"Butler-Laporte G, Cheng MP, McDonald EG, Lee TC.",BMC Infect Dis. 2018 Jun 11;18(1):270. doi: 10.1186/s12879-018-3182-x.,Butler-Laporte G,BMC Infect Dis,2018,2018/06/13,PMC5996459,,10.1186/s12879-018-3182-x
,,Comment,#N/A,,27163688,Machine Learning for Predicting Sepsis In-hospital Mortality: An Important Start,"Scott H, Colborn K.",Acad Emerg Med. 2016 Nov;23(11):1307. doi: 10.1111/acem.13009. Epub 2016 Oct 31.,Scott H,Acad Emerg Med,2016,2016/05/11,,,10.1111/acem.13009
,,,No,,31755816,Sepsis 2019: What Surgeons Need to Know,"Ho VP, Kaafarani H, Rattan R, Namias N, Evans H, Zakrison TL.",Surg Infect (Larchmt). 2020 Apr;21(3):195-204. doi: 10.1089/sur.2019.126. Epub 2019 Nov 22.,Ho VP,Surg Infect (Larchmt),2020,2019/11/23,PMC7366317,,10.1089/sur.2019.126
,,Not sepsis onset detection,#N/A,,25255212,"Angiopoietin-1, angiopoietin-2 and bicarbonate as diagnostic biomarkers in children with severe sepsis","Wang K, Bhandari V, Giuliano JS Jr, O Hern CS, Shattuck MD, Kirby M.",PLoS One. 2014 Sep 25;9(9):e108461. doi: 10.1371/journal.pone.0108461. eCollection 2014.,Wang K,PLoS One,2014,2014/09/26,PMC4178003,,10.1371/journal.pone.0108461
,,Not sepsis onset detection,#N/A,,28728997,Sepsis reconsidered: Identifying novel metrics for behavioral landscape characterization with a high-performance computing implementation of an agent-based model,"Cockrell C, An G.",J Theor Biol. 2017 Oct 7;430:157-168. doi: 10.1016/j.jtbi.2017.07.016. Epub 2017 Jul 18.,Cockrell C,J Theor Biol,2017,2017/07/22,PMC5635265,NIHMS908604,10.1016/j.jtbi.2017.07.016
,,Not ICU,No,,31734491,Machine learning for prediction of septic shock at initial triage in emergency department,"Kim J, Chang H, Kim D, Jang DH, Park I, Kim K.",J Crit Care. 2020 Feb;55:163-170. doi: 10.1016/j.jcrc.2019.09.024. Epub 2019 Oct 22.,Kim J,J Crit Care,2020,2019/11/18,,,10.1016/j.jcrc.2019.09.024
,,,No,,21682927,Development and validation of a novel molecular biomarker diagnostic test for the early detection of sepsis,"Sutherland A, Thomas M, Brandon RA, Brandon RB, Lipman J, Tang B, McLean A, Pascoe R, Price G, Nguyen T, Stone G, Venter D.",Crit Care. 2011 Jun 20;15(3):R149. doi: 10.1186/cc10274.,Sutherland A,Crit Care,2011,2011/06/21,PMC3219023,,10.1186/cc10274
,,,No,,32061798,"Machine learning in infection management using routine electronic health records: tools, techniques, and reporting of future technologies","Luz CF, Vollmer M, Decruyenaere J, Nijsten MW, Glasner C, Sinha B.",Clin Microbiol Infect. 2020 Feb 13:S1198-743X(20)30082-3. doi: 10.1016/j.cmi.2020.02.003. Online ahead of print.,Luz CF,Clin Microbiol Infect,2020,2020/02/17,,,10.1016/j.cmi.2020.02.003
,,Not sepsis,#N/A,,29908311,Longitudinal study of neonatal brain tissue volumes in preterm infants and their ability to predict neurodevelopmental outcome,"Gui L, Loukas S, Lazeyras F, Hüppi PS, Meskaldji DE, Borradori Tolsa C.",Neuroimage. 2019 Jan 15;185:728-741. doi: 10.1016/j.neuroimage.2018.06.034. Epub 2018 Jun 14.,Gui L,Neuroimage,2019,2018/06/17,,,10.1016/j.neuroimage.2018.06.034
,,Not sepsis onset detection,#N/A,,28269941,Accelerating Chart Review Using Automated Methods on Electronic Health Record Data for Postoperative Complications,"Hu Z, Melton GB, Moeller ND, Arsoniadis EG, Wang Y, Kwaan MR, Jensen EH, Simon GJ.",AMIA Annu Symp Proc. 2017 Feb 10;2016:1822-1831. eCollection 2016.,Hu Z,AMIA Annu Symp Proc,2017,2017/03/09,PMC5333220,,
,,Not sepsis onset detection,#N/A,,31522022,Automatic classification of free-text medical causes from death certificates for reactive mortality surveillance in France,"Baghdadi Y, Bourrée A, Robert A, Rey G, Gallay A, Zweigenbaum P, Grouin C, Fouillet A.",Int J Med Inform. 2019 Nov;131:103915. doi: 10.1016/j.ijmedinf.2019.06.022. Epub 2019 Jul 6.,Baghdadi Y,Int J Med Inform,2019,2019/09/16,,,10.1016/j.ijmedinf.2019.06.022
,,Review,#N/A,,32048244,Machine Learning for Pulmonary and Critical Care Medicine: A Narrative Review,"Mlodzinski E, Stone DJ, Celi LA.",Pulm Ther. 2020 Jun;6(1):67-77. doi: 10.1007/s41030-020-00110-z. Epub 2020 Feb 5.,Mlodzinski E,Pulm Ther,2020,2020/02/13,PMC7229087,,10.1007/s41030-020-00110-z
,,"Not sepsis onset detection, only septic shock",#N/A,,28011233,Septic shock prediction for ICU patients via coupled HMM walking on sequential contrast patterns,"Ghosh S, Li J, Cao L, Ramamohanarao K.",J Biomed Inform. 2017 Feb;66:19-31. doi: 10.1016/j.jbi.2016.12.010. Epub 2016 Dec 21.,Ghosh S,J Biomed Inform,2017,2016/12/25,,,10.1016/j.jbi.2016.12.010
,,"Not sepsis onset prediction, mortality prediction",#N/A,,24726036,Sepsis mortality prediction with the Quotient Basis Kernel,"Ribas Ripoll VJ, Vellido A, Romero E, Ruiz-Rodríguez JC.",Artif Intell Med. 2014 May;61(1):45-52. doi: 10.1016/j.artmed.2014.03.004. Epub 2014 Mar 27.,Ribas Ripoll VJ,Artif Intell Med,2014,2014/04/15,,,10.1016/j.artmed.2014.03.004
,,Not sepsis onset prediction,#N/A,,28538622,Towards precision medicine: Accurate predictive modeling of infectious complications in combat casualties,"Dente CJ, Bradley M, Schobel S, Gaucher B, Buchman T, Kirk AD, Elster E.",J Trauma Acute Care Surg. 2017 Oct;83(4):609-616. doi: 10.1097/TA.0000000000001596.,Dente CJ,J Trauma Acute Care Surg,2017,2017/05/25,,,10.1097/TA.0000000000001596
,,Not sepsis onset prediction,#N/A,,28849000,Personalized identification of differentially expressed pathways in pediatric sepsis,"Li B, Zeng Q.",Mol Med Rep. 2017 Oct;16(4):5085-5090. doi: 10.3892/mmr.2017.7217. Epub 2017 Aug 10.,Li B,Mol Med Rep,2017,2017/08/30,PMC5647041,,10.3892/mmr.2017.7217
,,Not sepsis,#N/A,,30665429,An integrative genomic analysis of transcriptional profiles identifies characteristic genes and patterns in HIV-infected long-term non-progressors and elite controllers,"Ding J, Ma L, Zhao J, Xie Y, Zhou J, Li X, Cen S.",J Transl Med. 2019 Jan 21;17(1):35. doi: 10.1186/s12967-019-1777-7.,Ding J,J Transl Med,2019,2019/01/23,PMC6341564,,10.1186/s12967-019-1777-7
,,"Not sepsis onset prediction, mortality prediction",#N/A,,28345042,Human genetic and metabolite variation reveals that methylthioadenosine is a prognostic biomarker and an inflammatory regulator in sepsis,"Wang L, Ko ER, Gilchrist JJ, Pittman KJ, Rautanen A, Pirinen M, Thompson JW, Dubois LG, Langley RJ, Jaslow SL, Salinas RE, Rouse DC, Moseley MA, Mwarumba S, Njuguna P, Mturi N; Wellcome Trust Case Control Consortium 2; Kenyan Bacteraemia Study Group, Williams TN, Scott JA, Hill AV, Woods CW, Ginsburg GS, Tsalik EL, Ko DC.",Sci Adv. 2017 Mar 8;3(3):e1602096. doi: 10.1126/sciadv.1602096. eCollection 2017 Mar.,Wang L,Sci Adv,2017,2017/03/28,PMC5342653,,10.1126/sciadv.1602096
,,,No,,32324659,State of the art in clinical decision support applications in pediatric perioperative medicine,"Wang E, Brenn BR, Matava CT.",Curr Opin Anaesthesiol. 2020 Jun;33(3):388-394. doi: 10.1097/ACO.0000000000000850.,Wang E,Curr Opin Anaesthesiol,2020,2020/04/24,,,10.1097/ACO.0000000000000850
,,Not sepsis,#N/A,,30700608,Identification of NK Cell Subpopulations That Differentiate HIV-Infected Subject Cohorts with Diverse Levels of Virus Control,"Pohlmeyer CW, Gonzalez VD, Irrinki A, Ramirez RN, Li L, Mulato A, Murry JP, Arvey A, Hoh R, Deeks SG, Kukolj G, Cihlar T, Pflanz S, Nolan GP, Min-Oo G.",J Virol. 2019 Mar 21;93(7):e01790-18. doi: 10.1128/JVI.01790-18. Print 2019 Apr 1.,Pohlmeyer CW,J Virol,2019,2019/02/01,PMC6430550,,10.1128/JVI.01790-18
,,Not ICU,#N/A,,31385172,"Use of Machine Learning for Prediction of Patient Risk of Postoperative Complications After Liver, Pancreatic, and Colorectal Surgery","Merath K, Hyer JM, Mehta R, Farooq A, Bagante F, Sahara K, Tsilimigras DI, Beal E, Paredes AZ, Wu L, Ejaz A, Pawlik TM.",J Gastrointest Surg. 2020 Aug;24(8):1843-1851. doi: 10.1007/s11605-019-04338-2. Epub 2019 Aug 5.,Merath K,J Gastrointest Surg,2020,2019/08/07,,,10.1007/s11605-019-04338-2
,,Not human,#N/A,,29476115,Body temperature measurement in mice during acute illness: implantable temperature transponder versus surface infrared thermometry,"Mei J, Riedel N, Grittner U, Endres M, Banneke S, Emmrich JV.",Sci Rep. 2018 Feb 23;8(1):3526. doi: 10.1038/s41598-018-22020-6.,Mei J,Sci Rep,2018,2018/02/25,PMC5824949,,10.1038/s41598-018-22020-6
Yes,No,Out of scope: Rule-based expert system,#N/A,,29978376,Expert systems-urgently needed for early diagnosis of sepsis : Results of retrospective clinical validation of the expert system FLORIDA,"Engelmann L, Pilz U.",Med Klin Intensivmed Notfmed. 2019 Sep;114(6):552-557. doi: 10.1007/s00063-018-0454-6. Epub 2018 Jul 5.,Engelmann L,Med Klin Intensivmed Notfmed,2019,2018/07/07,,,10.1007/s00063-018-0454-6
,,"Not sepsis onset prediction, mortality prediction",#N/A,,29237456,Identification of potential transcriptomic markers in developing pediatric sepsis: a weighted gene co-expression network analysis and a case-control validation study,"Li Y, Li Y, Bai Z, Pan J, Wang J, Fang F.",J Transl Med. 2017 Dec 13;15(1):254. doi: 10.1186/s12967-017-1364-8.,Li Y,J Transl Med,2017,2017/12/15,PMC5729245,,10.1186/s12967-017-1364-8
,,Not ICU,#N/A,,28384212,Creating an automated trigger for sepsis clinical decision support at emergency department triage using machine learning,"Horng S, Sontag DA, Halpern Y, Jernite Y, Shapiro NI, Nathanson LA.",PLoS One. 2017 Apr 6;12(4):e0174708. doi: 10.1371/journal.pone.0174708. eCollection 2017.,Horng S,PLoS One,2017,2017/04/07,PMC5383046,,10.1371/journal.pone.0174708
,,"Not sepsis onset prediction, mortality prediction",#N/A,,32635574,Comparative Analysis of Three Machine-Learning Techniques and Conventional Techniques for Predicting Sepsis-Induced Coagulopathy Progression,"Hasegawa D, Yamakawa K, Nishida K, Okada N, Murao S, Nishida O.",J Clin Med. 2020 Jul 4;9(7):E2113. doi: 10.3390/jcm9072113.,Hasegawa D,J Clin Med,2020,2020/07/09,,,10.3390/jcm9072113
,,"Not sepsis onset prediction, mortality prediction",#N/A,,29196114,"Flexible, cluster-based analysis of the electronic medical record of sepsis with composite mixture models","Mayhew MB, Petersen BK, Sales AP, Greene JD, Liu VX, Wasson TS.",J Biomed Inform. 2018 Feb;78:33-42. doi: 10.1016/j.jbi.2017.11.015. Epub 2017 Dec 2.,Mayhew MB,J Biomed Inform,2018,2017/12/03,PMC6014629,NIHMS974482,10.1016/j.jbi.2017.11.015
,,"Not sepsis onset prediction, mortality prediction",#N/A,,24809055,Identification of microRNA as sepsis biomarker based on miRNAs regulatory network analysis,"Huang J, Sun Z, Yan W, Zhu Y, Lin Y, Chen J, Shen B, Wang J.",Biomed Res Int. 2014;2014:594350. doi: 10.1155/2014/594350. Epub 2014 Apr 6.,Huang J,Biomed Res Int,2014,2014/05/09,PMC3997997,,10.1155/2014/594350
,,"Not sepsis onset prediction, mortality prediction",#N/A,,31306223,Prospect of using deep learning for predicting differentiation of myeloid progenitor cells after sepsis,"Ruan WS, Xu J, Lu YQ.",Chin Med J (Engl). 2019 Aug 5;132(15):1862-1864. doi: 10.1097/CM9.0000000000000349.,Ruan WS,Chin Med J (Engl),2019,2019/07/16,PMC6759120,,10.1097/CM9.0000000000000349
,,"Not sepsis, not human",#N/A,,32257045,Essential gene prediction in Drosophila melanogaster using machine learning approaches based on sequence and functional features,"Aromolaran O, Beder T, Oswald M, Oyelade J, Adebiyi E, Koenig R.",Comput Struct Biotechnol J. 2020 Mar 10;18:612-621. doi: 10.1016/j.csbj.2020.02.022. eCollection 2020.,Aromolaran O,Comput Struct Biotechnol J,2020,2020/04/08,PMC7096750,,10.1016/j.csbj.2020.02.022
,,"Not sepsis onset prediction, mortality prediction",#N/A,,26476896,Using Arden Syntax Medical Logic Modules to reduce overutilization of laboratory tests for detection of bacterial infections-Success or failure?,"Castellanos I, Kraus S, Toddenroth D, Prokosch HU, Bürkle T.",Artif Intell Med. 2018 Nov;92:43-50. doi: 10.1016/j.artmed.2015.09.005. Epub 2015 Sep 25.,Castellanos I,Artif Intell Med,2018,2015/10/19,,,10.1016/j.artmed.2015.09.005
Yes,No,"Out of scope: case report of 2 patients, not about onset prediction",#N/A,,25570825,Computing network-based features from physiological time series: application to sepsis detection,"Santaniello S, Granite SJ, Sarma SV, Winslow RL.",Conf Proc IEEE Eng Med Biol Soc. 2014;2014:3825-6. doi: 10.1109/EMBC.2014.6944457.,Santaniello S,Conf Proc IEEE Eng Med Biol Soc,2014,2015/01/09,,,10.1109/EMBC.2014.6944457
,,,#N/A,,32354696,"Effect of a sepsis prediction algorithm on patient mortality, length of stay and readmission: a prospective multicentre clinical outcomes evaluation of real-world patient data from US hospitals","Burdick H, Pino E, Gabel-Comeau D, McCoy A, Gu C, Roberts J, Le S, Slote J, Pellegrini E, Green-Saxena A, Hoffman J, Das R.",BMJ Health Care Inform. 2020 Apr;27(1):e100109. doi: 10.1136/bmjhci-2019-100109.,Burdick H,BMJ Health Care Inform,2020,2020/05/02,,,10.1136/bmjhci-2019-100109
,,,No,,32294705,Implementation of an Artificial Intelligence Algorithm for sepsis detection,"Gonçalves LS, Amaro MLM, Romero ALM, Schamne FK, Fressatto JL, Bezerra CW.",Rev Bras Enferm. 2020 Apr 9;73(3):e20180421. doi: 10.1590/0034-7167-2018-0421. eCollection 2020.,Gonçalves LS,Rev Bras Enferm,2020,2020/04/16,,,10.1590/0034-7167-2018-0421
,,,No,,31951005,On classifying sepsis heterogeneity in the ICU: insight using machine learning,"Ibrahim ZM, Wu H, Hamoud A, Stappen L, Dobson RJB, Agarossi A.",J Am Med Inform Assoc. 2020 Mar 1;27(3):437-443. doi: 10.1093/jamia/ocz211.,Ibrahim ZM,J Am Med Inform Assoc,2020,2020/01/18,PMC7025363,,10.1093/jamia/ocz211
,,,Yes,,32498999,Early detection of sepsis utilizing deep learning on electronic health record event sequences,"Lauritsen SM, Kalør ME, Kongsgaard EL, Lauritsen KM, Jørgensen MJ, Lange J, Thiesson B.",Artif Intell Med. 2020 Apr;104:101820. doi: 10.1016/j.artmed.2020.101820. Epub 2020 Feb 19.,Lauritsen SM,Artif Intell Med,2020,2020/06/06,,,10.1016/j.artmed.2020.101820
,,"Not sepsis onset, mortality prediction",#N/A,,28328498,A Framework for Patient State Tracking by Classifying Multiscalar Physiologic Waveform Features,"Vandendriessche B, Abas M, Dick TE, Loparo KA, Jacono FJ.",IEEE Trans Biomed Eng. 2017 Dec;64(12):2890-2900. doi: 10.1109/TBME.2017.2684244. Epub 2017 Mar 17.,Vandendriessche B,IEEE Trans Biomed Eng,2017,2017/03/23,PMC5736792,NIHMS923370,10.1109/TBME.2017.2684244
,,Not sepsis onset,#N/A,,30420241,Accurate prediction of blood culture outcome in the intensive care unit using long short-term memory neural networks,"Van Steenkiste T, Ruyssinck J, De Baets L, Decruyenaere J, De Turck F, Ongenae F, Dhaene T.",Artif Intell Med. 2019 Jun;97:38-43. doi: 10.1016/j.artmed.2018.10.008. Epub 2018 Nov 9.,Van Steenkiste T,Artif Intell Med,2019,2018/11/14,,,10.1016/j.artmed.2018.10.008
,,Burn sepsis,#N/A,,32704168,Novel application of an automated-machine learning development tool for predicting burn sepsis: proof of concept,"Tran NK, Albahra S, Pham TN, Holmes JH 4th, Greenhalgh D, Palmieri TL, Wajda J, Rashidi HH.",Sci Rep. 2020 Jul 23;10(1):12354. doi: 10.1038/s41598-020-69433-w.,Tran NK,Sci Rep,2020,2020/07/25,PMC7378181,,10.1038/s41598-020-69433-w
,,"Not sepsis onset, mortality prediction",#N/A,,27833000,Automatic learning of mortality in a CPN model of the systemic inflammatory response syndrome,"Ward L, Paul M, Andreassen S.",Math Biosci. 2017 Feb;284:12-20. doi: 10.1016/j.mbs.2016.11.004. Epub 2016 Nov 8.,Ward L,Math Biosci,2017,2016/11/12,,,10.1016/j.mbs.2016.11.004
Yes,Yes,,#N/A,,18480235,Presymptomatic prediction of sepsis in intensive care unit patients,"Lukaszewski RA, Yates AM, Jackson MC, Swingler K, Scherer JM, Simpson AJ, Sadler P, McQuillan P, Titball RW, Brooks TJ, Pearce MJ.",Clin Vaccine Immunol. 2008 Jul;15(7):1089-94. doi: 10.1128/CVI.00486-07. Epub 2008 May 14.,Lukaszewski RA,Clin Vaccine Immunol,2008,2008/05/16,PMC2446638,,10.1128/CVI.00486-07
,,Not sepsis onset,#N/A,,20453293,Non-invasive classification of severe sepsis and systemic inflammatory response syndrome using a nonlinear support vector machine: a preliminary study,"Tang CH, Middleton PM, Savkin AV, Chan GS, Bishop S, Lovell NH.",Physiol Meas. 2010 Jun;31(6):775-93. doi: 10.1088/0967-3334/31/6/004. Epub 2010 May 7.,Tang CH,Physiol Meas,2010,2010/05/11,,,10.1088/0967-3334/31/6/004
,,"Not sepsis onset, mortality prediction",#N/A,,22254260,Severe sepsis mortality prediction with relevance vector machines,"Ribas VJ, López JC, Ruiz-Sanmartin A, Ruiz-Rodríguez JC, Rello J, Wojdel A, Vellido A.",Conf Proc IEEE Eng Med Biol Soc. 2011;2011:100-3. doi: 10.1109/IEMBS.2011.6089906.,Ribas VJ,Conf Proc IEEE Eng Med Biol Soc,2011,2012/01/19,,,10.1109/IEMBS.2011.6089906
,,,No,,30457997,Feature selection for the accurate prediction of septic and cardiogenic shock ICU mortality in the acute phase,"Aushev A, Ripoll VR, Vellido A, Aletti F, Pinto BB, Herpain A, Post EH, Medina ER, Ferrer R, Baselli G, Bendjelid K.",PLoS One. 2018 Nov 20;13(11):e0199089. doi: 10.1371/journal.pone.0199089. eCollection 2018.,Aushev A,PLoS One,2018,2018/11/21,PMC6245679,,10.1371/journal.pone.0199089
,,"Not sepsis onset, mortality prediction",#N/A,,30245121,A machine learning-based model for 1-year mortality prediction in patients admitted to an Intensive Care Unit with a diagnosis of sepsis,"García-Gallo JE, Fonseca-Ruiz NJ, Celi LA, Duitama-Muñoz JF.",Med Intensiva. 2020 Apr;44(3):160-170. doi: 10.1016/j.medin.2018.07.016. Epub 2018 Sep 20.,García-Gallo JE,Med Intensiva,2020,2018/09/25,,,10.1016/j.medin.2018.07.016
,,Not sepsis,#N/A,,11896320,High-throughput HBV DNA and HCV RNA detection system using a nucleic acid purification robot and real-time detection PCR: its application to analysis of posttransfusion hepatitis,"Mitsunaga S, Fujimura K, Matsumoto C, Shiozawa R, Hirakawa S, Nakajima K, Tadokoro K, Juji T.",Transfusion. 2002 Jan;42(1):100-6. doi: 10.1046/j.1537-2995.2002.00024.x.,Mitsunaga S,Transfusion,2002,2002/03/16,,,10.1046/j.1537-2995.2002.00024.x
,,Not sepsis onset,#N/A,,17575094,The use of gene-expression profiling to identify candidate genes in human sepsis,"Tang BM, McLean AS, Dawes IW, Huang SJ, Lin RC.",Am J Respir Crit Care Med. 2007 Oct 1;176(7):676-84. doi: 10.1164/rccm.200612-1819OC. Epub 2007 Jun 15.,Tang BM,Am J Respir Crit Care Med,2007,2007/06/19,,,10.1164/rccm.200612-1819OC
,,Not sepsis onset,#N/A,,25710907,"From data to optimal decision making: a data-driven, probabilistic machine learning approach to decision support for patients with sepsis","Tsoukalas A, Albertson T, Tagkopoulos I.",JMIR Med Inform. 2015 Feb 24;3(1):e11. doi: 10.2196/medinform.3445.,Tsoukalas A,JMIR Med Inform,2015,2015/02/25,PMC4376114,,10.2196/medinform.3445
,,Not sepsis,#N/A,,29655987,Overcoming safety challenges in CO therapy - Extracorporeal CO delivery under precise feedback control of systemic carboxyhemoglobin levels,"Wollborn J, Hermann C, Goebel U, Merget B, Wunder C, Maier S, Schäfer T, Heuler D, Müller-Buschbaum K, Buerkle H, Meinel L, Schick MA, Steiger C.",J Control Release. 2018 Jun 10;279:336-344. doi: 10.1016/j.jconrel.2018.04.017. Epub 2018 Apr 12.,Wollborn J,J Control Release,2018,2018/04/16,,,10.1016/j.jconrel.2018.04.017
,,Not sepsis,#N/A,,28747367,Rapid Detection of Bacillus anthracis Bloodstream Infections by Use of a Novel Assay in the GeneXpert System,"Banada PP, Deshpande S, Russo R, Singleton E, Shah D, Patel B, Burday M, Koshy R, Wang Q, Jones M, Gall A, Lokhov S, Kwiatkowski R, Persing D, Connell N, Alland D.",J Clin Microbiol. 2017 Oct;55(10):2964-2971. doi: 10.1128/JCM.00466-17. Epub 2017 Jul 26.,Banada PP,J Clin Microbiol,2017,2017/07/28,PMC5625382,,10.1128/JCM.00466-17
,,,No,,32482370,Enhancing sepsis management through machine learning techniques: A review,"Ocampo-Quintero N, Vidal-Cortés P, Del Río Carbajo L, Fdez-Riverola F, Reboiro-Jato M, Glez-Peña D.",Med Intensiva. 2020 May 29:S0210-5691(20)30102-9. doi: 10.1016/j.medin.2020.04.003. Online ahead of print.,Ocampo-Quintero N,Med Intensiva,2020,2020/06/03,,,10.1016/j.medin.2020.04.003
,,Not sepsis onset,#N/A,,31437901,A Concept for Graph-Based Temporal Similarity of Patient Data,"Ganzinger M, Schrodt J, Knaup P.",Stud Health Technol Inform. 2019 Aug 21;264:138-142. doi: 10.3233/SHTI190199.,Ganzinger M,Stud Health Technol Inform,2019,2019/08/24,,,10.3233/SHTI190199
,,Not sepsis,#N/A,,32490853,Clinical decision support tool and rapid point-of-care platform for determining disease severity in patients with COVID-19,"McRae MP, Simmons GW, Christodoulides NJ, Lu Z, Kang SK, Fenyo D, Alcorn T, Dapkins IP, Sharif I, Vurmaz D, Modak SS, Srinivasan K, Warhadpande S, Shrivastav R, McDevitt JT.",Lab Chip. 2020 Jun 21;20(12):2075-2085. doi: 10.1039/d0lc00373e. Epub 2020 Jun 3.,McRae MP,Lab Chip,2020,2020/06/04,PMC7360344,NIHMS1601891,10.1039/d0lc00373e
,,,No,,32673244,Real-World Integration of a Sepsis Deep Learning Technology Into Routine Clinical Care: Implementation Study,"Sendak MP, Ratliff W, Sarro D, Alderton E, Futoma J, Gao M, Nichols M, Revoir M, Yashar F, Miller C, Kester K, Sandhu S, Corey K, Brajer N, Tan C, Lin A, Brown T, Engelbosch S, Anstrom K, Elish MC, Heller K, Donohoe R, Theiling J, Poon E, Balu S, Bedoya A, O'Brien C.",JMIR Med Inform. 2020 Jul 15;8(7):e15182. doi: 10.2196/15182.,Sendak MP,JMIR Med Inform,2020,2020/07/17,,,10.2196/15182
,,Not sepsis,#N/A,,23380841,Detection of correct and incorrect measurements in real-time continuous glucose monitoring systems by applying a postprocessing support vector machine,"Leal Y, Gonzalez-Abril L, Lorencio C, Bondia J, Vehi J.",IEEE Trans Biomed Eng. 2013 Jul;60(7):1891-9. doi: 10.1109/TBME.2013.2244092. Epub 2013 Feb 1.,Leal Y,IEEE Trans Biomed Eng,2013,2013/02/06,,,10.1109/TBME.2013.2244092
,,"Not sepsis, not human",#N/A,,30279591,An engineered arginine-rich α-helical antimicrobial peptide exhibits broad-spectrum bactericidal activity against pathogenic bacteria and reduces bacterial infections in mice,"Yang CH, Chen YC, Peng SY, Tsai AP, Lee TJ, Yen JH, Liou JW.",Sci Rep. 2018 Oct 2;8(1):14602. doi: 10.1038/s41598-018-32981-3.,Yang CH,Sci Rep,2018,2018/10/04,PMC6168480,,10.1038/s41598-018-32981-3
,,,No,,32462640,A Review of Predictive Analytics Solutions for Sepsis Patients,"Teng AK, Wilcox AB.",Appl Clin Inform. 2020 May;11(3):387-398. doi: 10.1055/s-0040-1710525. Epub 2020 May 27.,Teng AK,Appl Clin Inform,2020,2020/05/29,PMC7253313,,10.1055/s-0040-1710525
,,Not sepsis onset,#N/A,,29546535,Unexplained mortality differences between septic shock trials: a systematic analysis of population characteristics and control-group mortality rates,"de Grooth HJ, Postema J, Loer SA, Parienti JJ, Oudemans-van Straaten HM, Girbes AR.",Intensive Care Med. 2018 Mar;44(3):311-322. doi: 10.1007/s00134-018-5134-8. Epub 2018 Mar 15.,de Grooth HJ,Intensive Care Med,2018,2018/03/17,PMC5861172,,10.1007/s00134-018-5134-8
,,Not sepsis onset,#N/A,,28550920,Neural network prediction of severe lower intestinal bleeding and the need for surgical intervention,"Loftus TJ, Brakenridge SC, Croft CA, Smith RS, Efron PA, Moore FA, Mohr AM, Jordan JR.",J Surg Res. 2017 May 15;212:42-47. doi: 10.1016/j.jss.2016.12.032. Epub 2016 Dec 30.,Loftus TJ,J Surg Res,2017,2017/05/29,PMC5644023,NIHMS909849,10.1016/j.jss.2016.12.032
,,Not sepsis,#N/A,,21931344,Robotic prostate biopsy and its relevance to focal therapy of prostate cancer,"Ho H, Yuen JS, Cheng CW.",Nat Rev Urol. 2011 Sep 20;8(10):579-85. doi: 10.1038/nrurol.2011.131.,Ho H,Nat Rev Urol,2011,2011/09/21,,,10.1038/nrurol.2011.131
,,"Not sepsis onset, septic shock",#N/A,,31947237,Natural Language Processing of Clinical Notes for Improved Early Prediction of Septic Shock in the ICU,"Liu R, Greenstein JL, Sarma SV, Winslow RL.",Conf Proc IEEE Eng Med Biol Soc. 2019 Jul;2019:6103-6108. doi: 10.1109/EMBC.2019.8857819.,Liu R,Conf Proc IEEE Eng Med Biol Soc,2019,2020/01/18,,,10.1109/EMBC.2019.8857819
,,Not sepsis onset,#N/A,,32038544,Computer-Aided Design of Antimicrobial Peptides: Are We Generating Effective Drug Candidates?,"Cardoso MH, Orozco RQ, Rezende SB, Rodrigues G, Oshiro KGN, Cândido ES, Franco OL.",Front Microbiol. 2020 Jan 22;10:3097. doi: 10.3389/fmicb.2019.03097. eCollection 2019.,Cardoso MH,Front Microbiol,2020,2020/02/11,PMC6987251,,10.3389/fmicb.2019.03097
,,Not sepsis,#N/A,,12386493,Recent innovations in intensive care unit risk-prediction models,Rosenberg AL.,Curr Opin Crit Care. 2002 Aug;8(4):321-30. doi: 10.1097/00075198-200208000-00009.,Rosenberg AL,Curr Opin Crit Care,2002,2002/10/19,,,10.1097/00075198-200208000-00009
,,Not sepsis onset,#N/A,,27076664,Do Staphylococcus epidermidis Genetic Clusters Predict Isolation Sources?,"Tolo I, Thomas JC, Fischer RSB, Brown EL, Gray BM, Robinson DA.",J Clin Microbiol. 2016 Jul;54(7):1711-1719. doi: 10.1128/JCM.03345-15. Epub 2016 Apr 13.,Tolo I,J Clin Microbiol,2016,2016/04/15,PMC4922092,,10.1128/JCM.03345-15
,,Not sepsis,#N/A,,30937990,Plasmodium species aware based quantification of malaria parasitemia in light microscopy thin blood smear,"Abbas N, Saba T, Rehman A, Mehmood Z, Javaid N, Tahir M, Khan NU, Ahmed KT, Shah R.",Microsc Res Tech. 2019 Jul;82(7):1198-1214. doi: 10.1002/jemt.23269. Epub 2019 Apr 1.,Abbas N,Microsc Res Tech,2019,2019/04/03,,,10.1002/jemt.23269
,,"Not sepsis onset, not ICU",#N/A,,20865488,Prediction of severe sepsis using SVM model,"Wang SL, Wu F, Wang BH.",Adv Exp Med Biol. 2010;680:75-81. doi: 10.1007/978-1-4419-5913-3_9.,Wang SL,Adv Exp Med Biol,2010,2010/09/25,,,10.1007/978-1-4419-5913-3_9
,,Not human,#N/A,,19082985,Early alterations in rat brain protein expression during sepsis,"Hinkelbein J, Kalenka A, Feldmann RE Jr.",Anaesthesist. 2009 Feb;58(2):134-43. doi: 10.1007/s00101-008-1488-6.,Hinkelbein J,Anaesthesist,2009,2008/12/17,,,10.1007/s00101-008-1488-6
,,Not sepsis,#N/A,,25184209,A risk prediction model for screening bacteremic patients: a cross sectional study,"Ratzinger F, Dedeyan M, Rammerstorfer M, Perkmann T, Burgmann H, Makristathis A, Dorffner G, Lötsch F, Blacky A, Ramharter M.",PLoS One. 2014 Sep 3;9(9):e106765. doi: 10.1371/journal.pone.0106765. eCollection 2014.,Ratzinger F,PLoS One,2014,2014/09/04,PMC4153716,,10.1371/journal.pone.0106765
,,,No,,31884847,Multicenter validation of a machine-learning algorithm for 48-h all-cause mortality prediction,"Mohamadlou H, Panchavati S, Calvert J, Lynn-Palevsky A, Le S, Allen A, Pellegrini E, Green-Saxena A, Barton C, Fletcher G, Shieh L, Stark PB, Chettipally U, Shimabukuro D, Feldman M, Das R.",Health Informatics J. 2020 Sep;26(3):1912-1925. doi: 10.1177/1460458219894494. Epub 2019 Dec 30.,Mohamadlou H,Health Informatics J,2020,2019/12/31,,,10.1177/1460458219894494
,,Not sepsis,#N/A,,26117649,Prediction of feature genes in trauma patients with the TNF rs1800629 A allele using support vector machine,"Chen G, Han N, Li G, Li X, Li G, Liu Y, Wu W, Wang Y, Chen Y, Sun G, Li Z, Li Q.",Comput Biol Med. 2015 Sep;64:24-9. doi: 10.1016/j.compbiomed.2015.06.002. Epub 2015 Jun 9.,Chen G,Comput Biol Med,2015,2015/06/29,,,10.1016/j.compbiomed.2015.06.002
,,Septic shock,#N/A,,24551396,Developing predictive models using electronic medical records: challenges and pitfalls,"Paxton C, Niculescu-Mizil A, Saria S.",AMIA Annu Symp Proc. 2013 Nov 16;2013:1109-15. eCollection 2013.,Paxton C,AMIA Annu Symp Proc,2013,2014/02/20,PMC3900132,,
,,"Not sepsis onset, not ICU",#N/A,,32293345,Sepsis-associated pathways segregate cancer groups,"Tripathi H, Mukhopadhyay S, Mohapatra SK.",BMC Cancer. 2020 Apr 15;20(1):309. doi: 10.1186/s12885-020-06774-9.,Tripathi H,BMC Cancer,2020,2020/04/16,PMC7160985,,10.1186/s12885-020-06774-9
,,Not sepsis,#N/A,,30827286,A methodological comparison of risk scores versus decision trees for predicting drug-resistant infections: A case study using extended-spectrum beta-lactamase (ESBL) bacteremia,"Goodman KE, Lessler J, Harris AD, Milstone AM, Tamma PD.",Infect Control Hosp Epidemiol. 2019 Apr;40(4):400-407. doi: 10.1017/ice.2019.17. Epub 2019 Mar 4.,Goodman KE,Infect Control Hosp Epidemiol,2019,2019/03/05,,,10.1017/ice.2019.17
,,Out of scope: not about sepsis onset prediction - just binary whole series classification based on ICD code,#N/A,,32096371,Prognostic model of small sample critical diseases based on transfer learning,"Xia J, Pan S, Yan M, Cai G, Yan J, Ning G.",Sheng Wu Yi Xue Gong Cheng Xue Za Zhi. 2020 Feb 25;37(1):1-9. doi: 10.7507/1001-5515.201905074.,Xia J,Sheng Wu Yi Xue Gong Cheng Xue Za Zhi,2020,2020/02/26,,,10.7507/1001-5515.201905074
,,"Not sepsis onset, mortality prediction",#N/A,,15774048,Comparison between logistic regression and neural networks to predict death in patients with suspected sepsis in the emergency room,"Jaimes F, Farbiarz J, Alvarez D, Martínez C.",Crit Care. 2005 Apr;9(2):R150-6. doi: 10.1186/cc3054. Epub 2005 Feb 17.,Jaimes F,Crit Care,2005,2005/03/19,PMC1175932,,10.1186/cc3054
,,Not ML,#N/A,,26046926,Sepsis biomarkers in neutropaenic systemic inflammatory response syndrome patients on standard care wards,"Ratzinger F, Haslacher H, Perkmann T, Schmetterer KG, Poeppl W, Mitteregger D, Dorffner G, Burgmann H.",Eur J Clin Invest. 2015 Aug;45(8):815-23. doi: 10.1111/eci.12476.,Ratzinger F,Eur J Clin Invest,2015,2015/06/06,,,10.1111/eci.12476
,,,No,,31015377,To catch a killer: electronic sepsis alert tools reaching a fever pitch?,"Ruppel H, Liu V.",BMJ Qual Saf. 2019 Sep;28(9):693-696. doi: 10.1136/bmjqs-2019-009463. Epub 2019 Apr 23.,Ruppel H,BMJ Qual Saf,2019,2019/04/25,PMC6702042,NIHMS1033023,10.1136/bmjqs-2019-009463
,,"Not sepsis onset, mortality prediction",#N/A,,10156949,Predicting survival of patients with sepsis by use of regression and neural network models,"Flanagan JR, Pittet D, Li N, Thievent B, Suter PM, Wenzel RP.",Clin Perform Qual Health Care. 1996 Apr-Jun;4(2):96-103.,Flanagan JR,Clin Perform Qual Health Care,1996,1996/03/08,,,
,,,No,,31937825,Implementation of Complementary Model using Optimal Combination of Hematological Parameters for Sepsis Screening in Patients with Fever,"Choi JS, Trinh TX, Ha J, Yang MS, Lee Y, Kim YE, Choi J, Byun HG, Song J, Yoon TH.",Sci Rep. 2020 Jan 14;10(1):273. doi: 10.1038/s41598-019-57107-1.,Choi JS,Sci Rep,2020,2020/01/16,PMC6959355,,10.1038/s41598-019-57107-1
,,Not sepsis onset detection,#N/A,,32070393,Defining persistent critical illness based on growth trajectories in patients with sepsis,"Zhang Z, Ho KM, Gu H, Hong Y, Yu Y.",Crit Care. 2020 Feb 18;24(1):57. doi: 10.1186/s13054-020-2768-z.,Zhang Z,Crit Care,2020,2020/02/20,PMC7029548,,10.1186/s13054-020-2768-z
,,Only Abstract? Cnnot find fulltext,#N/A,,18999146,Designing and testing computer based screening engine for severe sepsis/septic shock,"Herasevich V, Afessa B, Chute CG, Gajic O.",AMIA Annu Symp Proc. 2008 Nov 6:966.,Herasevich V,AMIA Annu Symp Proc,2008,2008/11/13,,,
,,Not sepsis onset detection,#N/A,,17449883,"Prediction of specific pathogens in patients with sepsis: evaluation of TREAT, a computerized decision support system","Paul M, Nielsen AD, Goldberg E, Andreassen S, Tacconelli E, Almanasreh N, Frank U, Cauda R, Leibovici L; TREAT Study Group.",J Antimicrob Chemother. 2007 Jun;59(6):1204-7. doi: 10.1093/jac/dkm107. Epub 2007 Apr 21.,Paul M,J Antimicrob Chemother,2007,2007/04/24,,,10.1093/jac/dkm107
,,Not sepsis onset detection,#N/A,,23931841,Beyond identification: emerging and future uses for MALDI-TOF mass spectrometry in the clinical microbiology laboratory,"DeMarco ML, Ford BA.",Clin Lab Med. 2013 Sep;33(3):611-28. doi: 10.1016/j.cll.2013.03.013.,DeMarco ML,Clin Lab Med,2013,2013/08/13,,,10.1016/j.cll.2013.03.013
,,Not sepsis onset detection,#N/A,,20648099,"Illness severity scoring for Intensive Care at Middlemore Hospital, New Zealand: past and future","Mann SL, Marshall MR, Holt A, Woodford B, Williams AB.",N Z Med J. 2010 Jun 11;123(1316):47-65.,Mann SL,N Z Med J,2010,2010/07/22,,,
,,Not sepsis,#N/A,,25622686,Rapid screening of classic galactosemia patients: a proof-of-concept study using high-throughput FTIR analysis of plasma,"Lacombe C, Untereiner V, Gobinet C, Zater M, Sockalingum GD, Garnotel R.",Analyst. 2015 Apr 7;140(7):2280-6. doi: 10.1039/c4an01942c.,Lacombe C,Analyst,2015,2015/01/28,,,10.1039/c4an01942c
,,"Not sepsis onset detection, septic shock",#N/A,,31733815,Development and Validation of a Predictive Model of the Risk of Pediatric Septic Shock Using Data Known at the Time of Hospital Arrival,"Scott HF, Colborn KL, Sevick CJ, Bajaj L, Kissoon N, Deakyne Davies SJ, Kempe A.",J Pediatr. 2020 Feb;217:145-151.e6. doi: 10.1016/j.jpeds.2019.09.079. Epub 2019 Nov 13.,Scott HF,J Pediatr,2020,2019/11/18,PMC6980682,NIHMS1547007,10.1016/j.jpeds.2019.09.079
Yes,No,"Out of scope: Not about sepsis onset prediction, not machine learning, but sepsis care bundles",#N/A,,32598282,2019 John M. Eisenberg Patient Safety and Quality Awards: A Model Cell for Transformational Redesign of Sepsis Identification and Treatment: Aligning Digital Tools with Innovative Workflows,"Delaveris SL, Cichetti JR, Edleblute E.",Jt Comm J Qual Patient Saf. 2020 Jul;46(7):392-399. doi: 10.1016/j.jcjq.2020.04.001.,Delaveris SL,Jt Comm J Qual Patient Saf,2020,2020/06/30,,,10.1016/j.jcjq.2020.04.001
,,Not sepsis onset,#N/A,,25255318,Characterizing protein interactions employing a genome-wide siRNA cellular phenotyping screen,"Suratanee A, Schaefer MH, Betts MJ, Soons Z, Mannsperger H, Harder N, Oswald M, Gipp M, Ramminger E, Marcus G, Männer R, Rohr K, Wanker E, Russell RB, Andrade-Navarro MA, Eils R, König R.",PLoS Comput Biol. 2014 Sep 25;10(9):e1003814. doi: 10.1371/journal.pcbi.1003814. eCollection 2014 Sep.,Suratanee A,PLoS Comput Biol,2014,2014/09/26,PMC4178005,,10.1371/journal.pcbi.1003814
,,Not sepsis,#N/A,,22072960,Assessing predicted HIV-1 replicative capacity in a clinical setting,"Kouyos RD, von Wyl V, Hinkley T, Petropoulos CJ, Haddad M, Whitcomb JM, Böni J, Yerly S, Cellerai C, Klimkait T, Günthard HF, Bonhoeffer S; Swiss HIV Cohort Study.",PLoS Pathog. 2011 Nov;7(11):e1002321. doi: 10.1371/journal.ppat.1002321. Epub 2011 Nov 3.,Kouyos RD,PLoS Pathog,2011,2011/11/11,PMC3207887,,10.1371/journal.ppat.1002321
,,"Not ICU, NICU",#N/A,,23920577,Real-time multidimensional temporal analysis of complex high volume physiological data streams in the neonatal intensive care unit,"McGregor C, James A, Eklund M, Sow D, Ebling M, Blount M.",Stud Health Technol Inform. 2013;192:362-6.,McGregor C,Stud Health Technol Inform,2013,2013/08/08,,,
,,Not sepsis,#N/A,,25786415,"Of mice, flies--and men? Comparing fungal infection models for large-scale screening efforts","Brunke S, Quintin J, Kasper L, Jacobsen ID, Richter ME, Hiller E, Schwarzmüller T, d'Enfert C, Kuchler K, Rupp S, Hube B, Ferrandon D.",Dis Model Mech. 2015 May;8(5):473-86. doi: 10.1242/dmm.019901. Epub 2015 Mar 18.,Brunke S,Dis Model Mech,2015,2015/03/20,PMC4415897,,10.1242/dmm.019901
,,Not sepsis,#N/A,,19524069,Association between specific HIV-1 Env traits and virologic control in vivo,"Joos B, Rieder P, Fischer M, Kuster H, Rusert P, Trkola A, Pillai SK, Wong JK, Weber R, Günthard HF.",Infect Genet Evol. 2010 Apr;10(3):365-72. doi: 10.1016/j.meegid.2009.06.002. Epub 2009 Jun 11.,Joos B,Infect Genet Evol,2010,2009/06/16,PMC3918463,NIHMS537159,10.1016/j.meegid.2009.06.002
,,Not sepsis,#N/A,,32711985,Using machine learning to predict early readmission following esophagectomy,"Bolourani S, Tayebi MA, Diao L, Wang P, Patel V, Manetta F, Lee PC.",J Thorac Cardiovasc Surg. 2020 May 29:S0022-5223(20)31267-8. doi: 10.1016/j.jtcvs.2020.04.172. Online ahead of print.,Bolourani S,J Thorac Cardiovasc Surg,2020,2020/07/27,,,10.1016/j.jtcvs.2020.04.172
Yes,No,Not about sepsis onset prediction in the ICU,#N/A,,32657998,Implementation of an Automated Sepsis Screening Tool in a Community Hospital Setting,"Cooper PB, Hughes BJ, Verghese GM, Just JS, Markham AJ.",J Nurs Care Qual. 2020 Jul 10. doi: 10.1097/NCQ.0000000000000501. Online ahead of print.,Cooper PB,J Nurs Care Qual,2020,2020/07/14,,,10.1097/NCQ.0000000000000501
,,Not sepsis,#N/A,,20459613,"Towards a precise test for malaria diagnosis in the Brazilian Amazon: comparison among field microscopy, a rapid diagnostic test, nested PCR, and a computational expert system based on artificial neural networks","Andrade BB, Reis-Filho A, Barros AM, Souza-Neto SM, Nogueira LL, Fukutani KF, Camargo EP, Camargo LM, Barral A, Duarte A, Barral-Netto M.",Malar J. 2010 May 6;9:117. doi: 10.1186/1475-2875-9-117.,Andrade BB,Malar J,2010,2010/05/13,PMC2883547,,10.1186/1475-2875-9-117
,,"Not sepsis, Rule based system",#N/A,,23522434,A web-based system for clinical decision support and knowledge maintenance for deterioration monitoring of hemato-oncological patients,"Wicht A, Wetter T, Klein U.",Comput Methods Programs Biomed. 2013 Jul;111(1):26-32. doi: 10.1016/j.cmpb.2013.02.007. Epub 2013 Mar 20.,Wicht A,Comput Methods Programs Biomed,2013,2013/03/26,,,10.1016/j.cmpb.2013.02.007
,,Comment,#N/A,,15774070,Artificial neural networks as prediction tools in the critically ill,Clermont G.,Crit Care. 2005 Apr;9(2):153-4. doi: 10.1186/cc3507. Epub 2005 Mar 3.,Clermont G,Crit Care,2005,2005/03/19,PMC1175945,,10.1186/cc3507
,,Not sepsis,#N/A,,25810441,Analysis of Breath Specimens for Biomarkers of Plasmodium falciparum Infection,"Berna AZ, McCarthy JS, Wang RX, Saliba KJ, Bravo FG, Cassells J, Padovan B, Trowell SC.",J Infect Dis. 2015 Oct 1;212(7):1120-8. doi: 10.1093/infdis/jiv176. Epub 2015 Mar 25.,Berna AZ,J Infect Dis,2015,2015/03/27,PMC4559192,,10.1093/infdis/jiv176
,,Not sepsis,#N/A,,27358356,A Clinical Decision Tree to Predict Whether a Bacteremic Patient Is Infected With an Extended-Spectrum β-Lactamase-Producing Organism,"Goodman KE, Lessler J, Cosgrove SE, Harris AD, Lautenbach E, Han JH, Milstone AM, Massey CJ, Tamma PD; Antibacterial Resistance Leadership Group.",Clin Infect Dis. 2016 Oct 1;63(7):896-903. doi: 10.1093/cid/ciw425. Epub 2016 Jun 28.,Goodman KE,Clin Infect Dis,2016,2016/07/01,PMC5019284,,10.1093/cid/ciw425
,,Not sepsis,#N/A,,26522966,Neither Single nor a Combination of Routine Laboratory Parameters can Discriminate between Gram-positive and Gram-negative Bacteremia,"Ratzinger F, Dedeyan M, Rammerstorfer M, Perkmann T, Burgmann H, Makristathis A, Dorffner G, Loetsch F, Blacky A, Ramharter M.",Sci Rep. 2015 Nov 2;5:16008. doi: 10.1038/srep16008.,Ratzinger F,Sci Rep,2015,2015/11/03,PMC4629184,,10.1038/srep16008
,,Not sepsis,#N/A,,31836253,An interpretation algorithm for molecular diagnosis of bacterial vaginosis in a maternity hospital using machine learning: proof-of-concept study,"Drew RJ, Murphy T, Broderick D, O'Gorman J, Eogan M.",Diagn Microbiol Infect Dis. 2020 Feb;96(2):114950. doi: 10.1016/j.diagmicrobio.2019.114950. Epub 2019 Nov 27.,Drew RJ,Diagn Microbiol Infect Dis,2020,2019/12/15,,,10.1016/j.diagmicrobio.2019.114950
,,Not sepsis,#N/A,,2099969,Probability and the patient state space,"Coleman WP, Siegel JH, Giovannini I, De Gaetano A, Goodarzi S, Tacchino RM, Sganga G.",Int J Clin Monit Comput. 1990;7(4):201-15. doi: 10.1007/BF02919382.,Coleman WP,Int J Clin Monit Comput,1990,1990/01/01,,,10.1007/BF02919382
,,Not sepsis,#N/A,,20716448,In silico CD4+ T-cell epitope prediction and HLA distribution analysis for the potential proteins of Neisseria meningitidis Serogroup B--a clue for vaccine development,"Gupta SK, Smita S, Sarangi AN, Srivastava M, Akhoon BA, Rahman Q, Gupta SK.",Vaccine. 2010 Oct 8;28(43):7092-7. doi: 10.1016/j.vaccine.2010.08.005. Epub 2010 Aug 15.,Gupta SK,Vaccine,2010,2010/08/19,,,10.1016/j.vaccine.2010.08.005
,,Not sepsis,#N/A,,21940041,Robotic transperineal prostate biopsy: pilot clinical study,"Ho H, Yuen JS, Mohan P, Lim EW, Cheng CW.",Urology. 2011 Nov;78(5):1203-8. doi: 10.1016/j.urology.2011.07.1389. Epub 2011 Sep 21.,Ho H,Urology,2011,2011/09/24,,,10.1016/j.urology.2011.07.1389
,,Study announcement,#N/A,,32570564,SPHN/PHRT: Forming a Swiss-Wide Infrastructure for Data-Driven Sepsis Research,"Egli A, Battegay M, Büchler AC, Bühlmann P, Calandra T, Eckert P, Furrer H, Greub G, Jakob SM, Kaiser L, Leib SL, Marsch S, Meinshausen N, Pagani JL, Pugin J, Rätsch G, Schrenzel J, Schüpbach R, Siegemund M, Zamboni N, Zbinden R, Zinkernagel A, Borgwardt K.",Stud Health Technol Inform. 2020 Jun 16;270:1163-1167. doi: 10.3233/SHTI200346.,Egli A,Stud Health Technol Inform,2020,2020/06/24,,,10.3233/SHTI200346
,,Not sepsis,#N/A,,16216356,Rapid bacterial identification using evanescent-waveguide oligonucleotide microarray classification,"Francois P, Charbonnier Y, Jacquet J, Utinger D, Bento M, Lew D, Kresbach GM, Ehrat M, Schlegel W, Schrenzel J.",J Microbiol Methods. 2006 Jun;65(3):390-403. doi: 10.1016/j.mimet.2005.08.012. Epub 2005 Oct 10.,Francois P,J Microbiol Methods,2006,2005/10/12,,,10.1016/j.mimet.2005.08.012
,,Not sepsis,#N/A,,25409340,De novo assembly of the grass carp Ctenopharyngodon idella transcriptome to identify miRNA targets associated with motile aeromonad septicemia,"Xu X, Shen Y, Fu J, Lu L, Li J.",PLoS One. 2014 Nov 19;9(11):e112722. doi: 10.1371/journal.pone.0112722. eCollection 2014.,Xu X,PLoS One,2014,2014/11/20,PMC4237362,,10.1371/journal.pone.0112722
,,Not sepsis,#N/A,,14700412,Electronic interpretation of chest radiograph reports to detect central venous catheters,"Trick WE, Chapman WW, Wisniewski MF, Peterson BJ, Solomon SL, Weinstein RA.",Infect Control Hosp Epidemiol. 2003 Dec;24(12):950-4. doi: 10.1086/502165.,Trick WE,Infect Control Hosp Epidemiol,2003,2004/01/01,,,10.1086/502165
,,Not sepsis,#N/A,,20064800,Formulation of a model for automating infection surveillance: algorithmic detection of central-line associated bloodstream infection,"Hota B, Lin M, Doherty JA, Borlawsky T, Woeltje K, Stevenson K, Khan Y, Young J, Weinstein RA, Trick W; CDC Prevention Epicenter Program.",J Am Med Inform Assoc. 2010 Jan-Feb;17(1):42-8. doi: 10.1197/jamia.M3196.,Hota B,J Am Med Inform Assoc,2010,2010/01/13,PMC2995624,,10.1197/jamia.M3196
,,"Not sepsis onset prediction, mortality prediction",#N/A,,8908316,Multiparameter models for the prediction of sepsis outcome,"Warner A, Bencosme A, Polycarpou MM, Healy D, Verme C, Conway JY, Vemuri AT.",Ann Clin Lab Sci. 1996 Nov-Dec;26(6):471-9.,Warner A,Ann Clin Lab Sci,1996,1996/11/01,,,
,,Not sepsis,#N/A,,7709627,VIE-PNN: an expert system for calculating parenteral nutrition of intensive care premature and newborn infants,"Dobner M, Miksch S, Horn W, Popow C.",Wien Klin Wochenschr. 1995;107(4):128-32.,Dobner M,Wien Klin Wochenschr,1995,1995/01/01,,,
,,"Not sepsis, Septic shock",#N/A,,21262751,Review of a large clinical series: Predicting death for patients with abdominal septic shock,"Hanisch E, Brause R, Paetz J, Arlt B.",J Intensive Care Med. 2011 Jan-Feb;26(1):27-33. doi: 10.1177/0885066610384058.,Hanisch E,J Intensive Care Med,2011,2011/01/26,,,10.1177/0885066610384058
,,,No,,31195874,Clinical decision support system to assess the risk of sepsis using Tree Augmented Bayesian networks and electronic medical record data,"Gupta A, Liu T, Shepherd S.",Health Informatics J. 2020 Jun;26(2):841-861. doi: 10.1177/1460458219852872. Epub 2019 Jun 13.,Gupta A,Health Informatics J,2020,2019/06/15,,,10.1177/1460458219852872
,,"Not ICU, not Sepsis",#N/A,,18002814,An architecture for multi-dimensional temporal abstraction and its application to support neonatal intensive care,"Stacey M, McGregor C, Tracy M.",Conf Proc IEEE Eng Med Biol Soc. 2007;2007:3752-6. doi: 10.1109/IEMBS.2007.4353148.,Stacey M,Conf Proc IEEE Eng Med Biol Soc,2007,2007/11/16,,,10.1109/IEMBS.2007.4353148
,,Not sepsis,#N/A,,32282005,3-Step flow focusing enables multidirectional imaging of bioparticles for imaging flow cytometry,"Kleiber A, Ramoji A, Mayer G, Neugebauer U, Popp J, Henkel T.",Lab Chip. 2020 May 5;20(9):1676-1686. doi: 10.1039/d0lc00244e.,Kleiber A,Lab Chip,2020,2020/04/14,,,10.1039/d0lc00244e
,,Not sepsis,#N/A,,10206112,A neural network approach to the diagnosis of morbidity outcomes in trauma care,"Marble RP, Healy JC.",Artif Intell Med. 1999 Mar;15(3):299-307. doi: 10.1016/s0933-3657(98)00059-1.,Marble RP,Artif Intell Med,1999,1999/04/17,,,10.1016/s0933-3657(98)00059-1
,,"Not sepsis onset prediction, septic shock",#N/A,,9522080,Individual prognosis of critically ill patients with septic shock by neural network?,"Hanisch E, Büssow M, Brause R, Encke A.",Chirurg. 1998 Jan;69(1):77-81. doi: 10.1007/s001040050378.,Hanisch E,Chirurg,1998,1998/04/02,,,10.1007/s001040050378